"measure","max_push_pop","nb_threads","non_blocking","try","thread","global_start_sec","global_start_nsec","global_stop_sec","global_stop_nsec","thread_start_sec","thread_start_nsec","thread_stop_sec","thread_stop_nsec"
1,500000,1,0,1,0,1287,607186546,1287,621428301,1287,607250388,1287,621368021
1,500000,1,0,2,0,1287,703275449,1287,717565260,1287,703336637,1287,717504980
1,500000,1,0,3,0,1287,797606388,1287,811839062,1287,797668693,1287,811775918
1,500000,1,1,1,0,1287,908779007,1287,919258965,1287,908842011,1287,919197847
1,500000,1,1,2,0,1287,996184611,1288,6669738,1287,996247196,1288,6606315
1,500000,1,1,3,0,1288,82167528,1288,92654751,1288,82229205,1288,92595379
1,500000,1,2,1,0,1288,190487150,1288,205863459,1288,190548058,1288,205803459
1,500000,1,2,2,0,1288,287114139,1288,302613942,1288,287174908,1288,302550589
1,500000,1,2,3,0,1288,386276513,1288,401623905,1288,386335954,1288,401563974
1,500000,2,0,1,0,1288,495213295,1288,559042972,1288,495274343,1288,559003158
1,500000,2,0,1,1,1288,495213295,1288,559042972,1288,495284541,1288,558879106
1,500000,2,0,2,0,1288,641869938,1288,698522686,1288,641935386,1288,698478681
1,500000,2,0,2,1,1288,641869938,1288,698522686,1288,641943698,1288,698122031
1,500000,2,0,3,0,1288,781969353,1288,845403963,1288,782033195,1288,845361355
1,500000,2,0,3,1,1288,781969353,1288,845403963,1288,782041996,1288,844408753
1,500000,2,1,1,0,1288,934852278,1288,978820982,1288,934915212,1288,977909870
1,500000,2,1,1,1,1288,934852278,1288,978820982,1288,934924781,1288,978782565
1,500000,2,1,2,0,1289,63164861,1289,106659569,1289,63227166,1289,106614725
1,500000,2,1,2,1,1289,63164861,1289,106659569,1289,63236736,1289,105790785
1,500000,2,1,3,0,1289,188233781,1289,227110889,1289,188298112,1289,224496018
1,500000,2,1,3,1,1289,188233781,1289,227110889,1289,188307681,1289,227072892
1,500000,2,2,1,0,1289,323699571,1289,409489649,1289,323762994,1289,409180008
1,500000,2,2,1,1,1289,323699571,1289,409489649,1289,323775147,1289,409452559
1,500000,2,2,2,0,1289,490532851,1289,571652608,1289,490595925,1289,571609022
1,500000,2,2,2,1,1289,490532851,1289,571652608,1289,490605285,1289,569602118
1,500000,2,2,3,0,1289,662258154,1289,732943292,1289,662322974,1289,730998064
1,500000,2,2,3,1,1289,662258154,1289,732943292,1289,662330448,1289,732902709
1,500000,3,0,1,0,1289,827110165,1289,875915626,1289,827172191,1289,875874415
1,500000,3,0,1,1,1289,827110165,1289,875915626,1289,827181411,1289,874454173
1,500000,3,0,1,2,1289,827110165,1289,875915626,1289,827194752,1289,875907314
1,500000,3,0,2,0,1289,965570386,1290,14935828,1289,965633390,1290,14793894
1,500000,3,0,2,1,1289,965570386,1290,14935828,1289,965642540,1290,14901113
1,500000,3,0,2,2,1289,965570386,1290,14935828,1289,965656161,1290,13975333
1,500000,3,0,3,0,1290,102700121,1290,152739188,1290,102765291,1290,152704124
1,500000,3,0,3,1,1290,102700121,1290,152739188,1290,102772834,1290,152618559
1,500000,3,0,3,2,1290,102700121,1290,152739188,1290,102786106,1290,148540977
1,500000,3,1,1,0,1290,248033258,1290,301192817,1290,248093957,1290,293319916
1,500000,3,1,1,1,1290,248033258,1290,301192817,1290,248102758,1290,301154190
1,500000,3,1,1,2,1290,248033258,1290,301192817,1290,248115959,1290,301178777
1,500000,3,1,2,0,1290,382578603,1290,432871206,1290,382640280,1290,426320968
1,500000,3,1,2,1,1290,382578603,1290,432871206,1290,382649011,1290,432176836
1,500000,3,1,2,2,1290,382578603,1290,432871206,1290,382662422,1290,432836491
1,500000,3,1,3,0,1290,515647548,1290,565812886,1290,515710063,1290,565774539
1,500000,3,1,3,1,1290,515647548,1290,565812886,1290,515719213,1290,564682099
1,500000,3,1,3,2,1290,515647548,1290,565812886,1290,515732694,1290,560658302
1,500000,3,2,1,0,1290,671050880,1290,740953196,1290,671114442,1290,737256991
1,500000,3,2,1,1,1290,671050880,1290,740953196,1290,671125898,1290,740911147
1,500000,3,2,1,2,1290,671050880,1290,740953196,1290,671137143,1290,740902066
1,500000,3,2,2,0,1290,826877287,1290,895984860,1290,826937846,1290,895946024
1,500000,3,2,2,1,1290,826877287,1290,895984860,1290,826934074,1290,893785592
1,500000,3,2,2,2,1290,826877287,1290,895984860,1290,827004412,1290,895746046
1,500000,3,2,3,0,1290,987356343,1291,57370348,1290,987419975,1291,57331442
1,500000,3,2,3,1,1290,987356343,1291,57370348,1290,987429544,1291,52915373
1,500000,3,2,3,2,1290,987356343,1291,57370348,1290,987442746,1291,57248112
1,500000,4,0,1,0,1291,160781717,1291,220155731,1291,160843534,1291,219626066
1,500000,4,0,1,1,1291,160781717,1291,220155731,1291,160852614,1291,219625507
1,500000,4,0,1,2,1291,160781717,1291,220155731,1291,160865746,1291,219961830
1,500000,4,0,1,3,1291,160781717,1291,220155731,1291,161017598,1291,220143019
1,500000,4,0,2,0,1291,310073555,1291,367398337,1291,310138794,1291,366615748
1,500000,4,0,2,1,1291,310073555,1291,367398337,1291,310147735,1291,367361457
1,500000,4,0,2,2,1291,310073555,1291,367398337,1291,310163730,1291,365809550
1,500000,4,0,2,3,1291,310073555,1291,367398337,1291,310323336,1291,366784853
1,500000,4,0,3,0,1291,465446663,1291,526009089,1291,465510924,1291,525330225
1,500000,4,0,3,1,1291,465446663,1291,526009089,1291,465519655,1291,525974653
1,500000,4,0,3,2,1291,465446663,1291,526009089,1291,465532996,1291,525944618
1,500000,4,0,3,3,1291,465446663,1291,526009089,1291,465551855,1291,524514668
1,500000,4,1,1,0,1291,669555701,1291,729789347,1291,669622127,1291,727852572
1,500000,4,1,1,1,1291,669555701,1291,729789347,1291,669631627,1291,729753026
1,500000,4,1,1,2,1291,669555701,1291,729789347,1291,669645876,1291,712606336
1,500000,4,1,1,3,1291,669555701,1291,729789347,1291,672050989,1291,729747228
1,500000,4,1,2,0,1291,816632415,1291,874366094,1291,816693883,1291,868294743
1,500000,4,1,2,1,1291,816632415,1291,874366094,1291,816703103,1291,866689401
1,500000,4,1,2,2,1291,816632415,1291,874366094,1291,816716583,1291,874037524
1,500000,4,1,2,3,1291,816632415,1291,874366094,1291,824084892,1291,874332007
1,500000,4,1,3,0,1291,962708472,1292,19963544,1291,962771476,1292,2229075
1,500000,4,1,3,1,1291,962708472,1292,19963544,1291,962781325,1292,18981955
1,500000,4,1,3,2,1291,962708472,1292,19963544,1291,962794317,1292,19804568
1,500000,4,1,3,3,1291,962708472,1292,19963544,1291,968030831,1292,19950133
1,500000,4,2,1,0,1292,126383491,1292,212881976,1292,126446564,1292,210866482
1,500000,4,2,1,1,1292,126383491,1292,212881976,1292,126459905,1292,212796691
1,500000,4,2,1,2,1292,126383491,1292,212881976,1292,126465354,1292,212291682
1,500000,4,2,1,3,1292,126383491,1292,212881976,1292,126470103,1292,212848379
1,500000,4,2,2,0,1292,304769585,1292,387597284,1292,304832938,1292,387582126
1,500000,4,2,2,1,1292,304769585,1292,387597284,1292,304839853,1292,386908921
1,500000,4,2,2,2,1292,304769585,1292,387597284,1292,304853334,1292,386431852
1,500000,4,2,2,3,1292,304769585,1292,387597284,1292,304892170,1292,386723821
1,500000,4,2,3,0,1292,527296984,1292,612521692,1292,527365017,1292,607342525
1,500000,4,2,3,1,1292,527296984,1292,612521692,1292,527372840,1292,612484253
1,500000,4,2,3,2,1292,527296984,1292,612521692,1292,527386740,1292,612478875
1,500000,4,2,3,3,1292,527296984,1292,612521692,1292,527391350,1292,612138850
1,500000,5,0,1,0,1292,717196985,1292,777939323,1292,717258801,1292,777906075
1,500000,5,0,1,1,1292,717196985,1292,777939323,1292,717267533,1292,777774409
1,500000,5,0,1,2,1292,717196985,1292,777939323,1292,717280944,1292,776518733
1,500000,5,0,1,3,1292,717196985,1292,777939323,1292,717302527,1292,777130052
1,500000,5,0,1,4,1292,717196985,1292,777939323,1292,717324040,1292,777903351
1,500000,5,0,2,0,1292,872439915,1292,932506952,1292,872502709,1292,931531859
1,500000,5,0,2,1,1292,872439915,1292,932506952,1292,872515212,1292,932402248
1,500000,5,0,2,2,1292,872439915,1292,932506952,1292,872527785,1292,932450444
1,500000,5,0,2,3,1292,872439915,1292,932506952,1292,872532674,1292,924186254
1,500000,5,0,2,4,1292,872439915,1292,932506952,1292,872538402,1292,931471160
1,500000,5,0,3,0,1293,25700109,1293,87546760,1293,25764300,1293,83396120
1,500000,5,0,3,1,1293,25700109,1293,87546760,1293,25775267,1293,87514769
1,500000,5,0,3,2,1293,25700109,1293,87546760,1293,25763742,1293,87031135
1,500000,5,0,3,3,1293,25700109,1293,87546760,1293,25779877,1293,87440310
1,500000,5,0,3,4,1293,25700109,1293,87546760,1293,25813334,1293,86658141
1,500000,5,1,1,0,1293,238223842,1293,295658740,1293,238286776,1293,273141579
1,500000,5,1,1,1,1293,238223842,1293,295658740,1293,238299629,1293,284277400
1,500000,5,1,1,2,1293,238223842,1293,295658740,1293,238309826,1293,295184605
1,500000,5,1,1,3,1293,238223842,1293,295658740,1293,240027484,1293,293181125
1,500000,5,1,1,4,1293,238223842,1293,295658740,1293,243409224,1293,295614246
1,500000,5,1,2,0,1293,389284513,1293,447068236,1293,389346748,1293,439120395
1,500000,5,1,2,1,1293,389284513,1293,447068236,1293,389356457,1293,447016827
1,500000,5,1,2,2,1293,389284513,1293,447068236,1293,389369728,1293,420970056
1,500000,5,1,2,3,1293,389284513,1293,447068236,1293,393226792,1293,446712495
1,500000,5,1,2,4,1293,389284513,1293,447068236,1293,393249004,1293,445381662
1,500000,5,1,3,0,1293,538687316,1293,593781992,1293,538749552,1293,592947645
1,500000,5,1,3,1,1293,538687316,1293,593781992,1293,538759261,1293,592233718
1,500000,5,1,3,2,1293,538687316,1293,593781992,1293,538772392,1293,568423164
1,500000,5,1,3,3,1293,538687316,1293,593781992,1293,548014396,1293,593731282
1,500000,5,1,3,4,1293,538687316,1293,593781992,1293,548027248,1293,587527920
1,500000,5,2,1,0,1293,709205690,1293,795048605,1293,709269182,1293,794587671
1,500000,5,2,1,1,1293,709205690,1293,795048605,1293,709282593,1293,794889209
1,500000,5,2,1,2,1293,709205690,1293,795048605,1293,709283641,1293,795018639
1,500000,5,2,1,3,1293,709205690,1293,795048605,1293,709292861,1293,794393072
1,500000,5,2,1,4,1293,709205690,1293,795048605,1293,709296214,1293,792283631
1,500000,5,2,2,0,1293,899645843,1293,988094267,1293,899799302,1293,988045163
1,500000,5,2,2,1,1293,899645843,1293,988094267,1293,899721071,1293,983241645
1,500000,5,2,2,2,1293,899645843,1293,988094267,1293,899732526,1293,987652471
1,500000,5,2,2,3,1293,899645843,1293,988094267,1293,899825635,1293,987966373
1,500000,5,2,2,4,1293,899645843,1293,988094267,1293,899841560,1293,987825068
1,500000,5,2,3,0,1294,90570330,1294,178948200,1294,90632984,1294,178912926
1,500000,5,2,3,1,1294,90570330,1294,178948200,1294,90641576,1294,177870290
1,500000,5,2,3,2,1294,90570330,1294,178948200,1294,90657082,1294,176970146
1,500000,5,2,3,3,1294,90570330,1294,178948200,1294,90698154,1294,178811435
1,500000,5,2,3,4,1294,90570330,1294,178948200,1294,90710517,1294,178200257
1,500000,6,0,1,0,1294,309956501,1294,373997070,1294,310031728,1294,369063216
1,500000,6,0,1,1,1294,309956501,1294,373997070,1294,310227236,1294,371945745
1,500000,6,0,1,2,1294,309956501,1294,373997070,1294,310433779,1294,373854928
1,500000,6,0,1,3,1294,309956501,1294,373997070,1294,310450054,1294,373804986
1,500000,6,0,1,4,1294,309956501,1294,373997070,1294,310440135,1294,371529445
1,500000,6,0,1,5,1294,309956501,1294,373997070,1294,310457737,1294,373862890
1,500000,6,0,2,0,1294,482421163,1294,536607715,1294,482486053,1294,484859871
1,500000,6,0,2,1,1294,482421163,1294,536607715,1294,484895005,1294,516604427
1,500000,6,0,2,2,1294,482421163,1294,536607715,1294,485833147,1294,536562802
1,500000,6,0,2,3,1294,482421163,1294,536607715,1294,486896738,1294,529221532
1,500000,6,0,2,4,1294,482421163,1294,536607715,1294,486944724,1294,529131916
1,500000,6,0,2,5,1294,482421163,1294,536607715,1294,486956529,1294,529728077
1,500000,6,0,3,0,1294,645943407,1294,710531034,1294,646005642,1294,710269030
1,500000,6,0,3,1,1294,645943407,1294,710531034,1294,646014932,1294,710349706
1,500000,6,0,3,2,1294,645943407,1294,710531034,1294,646029601,1294,703282314
1,500000,6,0,3,3,1294,645943407,1294,710531034,1294,646039519,1294,710494084
1,500000,6,0,3,4,1294,645943407,1294,710531034,1294,646052511,1294,710472291
1,500000,6,0,3,5,1294,645943407,1294,710531034,1294,646156866,1294,709753265
1,500000,6,1,1,0,1294,830879329,1294,886007306,1294,830941076,1294,880150607
1,500000,6,1,1,1,1294,830879329,1294,886007306,1294,830950436,1294,876459436
1,500000,6,1,1,2,1294,830879329,1294,886007306,1294,830964475,1294,859264078
1,500000,6,1,1,3,1294,830879329,1294,886007306,1294,832030022,1294,881845143
1,500000,6,1,1,4,1294,830879329,1294,886007306,1294,844038323,1294,885955827
1,500000,6,1,1,5,1294,830879329,1294,886007306,1294,848012661,1294,885161085
1,500000,6,1,2,0,1294,984985997,1295,42692799,1294,985048652,1295,35423963
1,500000,6,1,2,1,1294,984985997,1295,42692799,1294,985057942,1295,13676615
1,500000,6,1,2,2,1294,984985997,1295,42692799,1294,985071213,1295,37588863
1,500000,6,1,2,3,1294,984985997,1295,42692799,1294,987814533,1295,32149860
1,500000,6,1,2,4,1294,984985997,1295,42692799,1295,3754145,1295,42633986
1,500000,6,1,2,5,1294,984985997,1295,42692799,1295,11757304,1295,42068419
1,500000,6,1,3,0,1295,144246404,1295,201297660,1295,144308779,1295,175180427
1,500000,6,1,3,1,1295,144246404,1295,201297660,1295,144318279,1295,201242549
1,500000,6,1,3,2,1295,144246404,1295,201297660,1295,144334903,1295,186561341
1,500000,6,1,3,3,1295,144246404,1295,201297660,1295,152015360,1295,201173329
1,500000,6,1,3,4,1295,144246404,1295,201297660,1295,152035406,1295,190770091
1,500000,6,1,3,5,1295,144246404,1295,201297660,1295,172012008,1295,197404417
1,500000,6,2,1,0,1295,322911302,1295,417337066,1295,322972490,1295,417297811
1,500000,6,2,1,1,1295,322911302,1295,417337066,1295,322981640,1295,411918182
1,500000,6,2,1,2,1295,322911302,1295,417337066,1295,322994772,1295,416409891
1,500000,6,2,1,3,1295,322911302,1295,417337066,1295,323002036,1295,417016250
1,500000,6,2,1,4,1295,322911302,1295,417337066,1295,323087741,1295,416439717
1,500000,6,2,1,5,1295,322911302,1295,417337066,1295,323090744,1295,417285658
1,500000,6,2,2,0,1295,526427415,1295,618742413,1295,526484621,1295,618669560
1,500000,6,2,2,1,1295,526427415,1295,618742413,1295,526495448,1295,618710911
1,500000,6,2,2,2,1295,526427415,1295,618742413,1295,526509976,1295,618210443
1,500000,6,2,2,3,1295,526427415,1295,618742413,1295,526545460,1295,616871508
1,500000,6,2,2,4,1295,526427415,1295,618742413,1295,526567462,1295,617829906
1,500000,6,2,2,5,1295,526427415,1295,618742413,1295,526576193,1295,618203807
1,500000,6,2,3,0,1295,726668518,1295,820245827,1295,726728100,1295,819549852
1,500000,6,2,3,1,1295,726668518,1295,820245827,1295,726737390,1295,819841541
1,500000,6,2,3,2,1295,726668518,1295,820245827,1295,726750801,1295,820212370
1,500000,6,2,3,3,1295,726668518,1295,820245827,1295,726799835,1295,810224524
1,500000,6,2,3,4,1295,726668518,1295,820245827,1295,726822256,1295,820214046
1,500000,6,2,3,5,1295,726668518,1295,820245827,1295,726855295,1295,819402052
2,500000,1,0,1,0,1295,931582240,1295,947351346,1295,931641891,1295,947287853
2,500000,1,0,2,0,1296,10591007,1296,26370380,1296,10653801,1296,26311637
2,500000,1,0,3,0,1296,89472020,1296,105202849,1296,89533417,1296,105138867
2,500000,1,1,1,0,1296,180277086,1296,192808059,1296,180338483,1296,192745894
2,500000,1,1,2,0,1296,255032725,1296,267435386,1296,255097056,1296,267369099
2,500000,1,1,3,0,1296,336277263,1296,348711286,1296,336337473,1296,348650867
2,500000,1,2,1,0,1296,427252460,1296,444644641,1296,427313857,1296,444583174
2,500000,1,2,2,0,1296,506250166,1296,523604070,1296,506312681,1296,523546305
2,500000,1,2,3,0,1296,586904899,1296,604664556,1296,586965807,1296,604598339
2,500000,2,0,1,0,1296,688830806,1296,751151025,1296,688893740,1296,750956915
2,500000,2,0,1,1,1296,688830806,1296,751151025,1296,688903239,1296,751112888
2,500000,2,0,2,0,1296,820897516,1296,882238593,1296,820959612,1296,882198081
2,500000,2,0,2,1,1296,820897516,1296,882238593,1296,820969112,1296,881643201
2,500000,2,0,3,0,1296,955450571,1297,17198378,1296,955512527,1297,16814907
2,500000,2,0,3,1,1296,955450571,1297,17198378,1296,955521677,1297,17160101
2,500000,2,1,1,0,1297,105268207,1297,145093289,1297,105330861,1297,144746559
2,500000,2,1,1,1,1297,105268207,1297,145093289,1297,105340361,1297,145050821
2,500000,2,1,2,0,1297,219450701,1297,260707046,1297,219511959,1297,260509094
2,500000,2,1,2,1,1297,219450701,1297,260707046,1297,219532634,1297,260671074
2,500000,2,1,3,0,1297,328835535,1297,368356483,1297,328895605,1297,368166983
2,500000,2,1,3,1,1297,328835535,1297,368356483,1297,328905244,1297,368319044
2,500000,2,2,1,0,1297,449290098,1297,535670673,1297,449351844,1297,535628973
2,500000,2,2,1,1,1297,449290098,1297,535670673,1297,449361693,1297,535408739
2,500000,2,2,2,0,1297,608173242,1297,687168549,1297,608237293,1297,685893456
2,500000,2,2,2,1,1297,608173242,1297,687168549,1297,608247072,1297,687133345
2,500000,2,2,3,0,1297,762372455,1297,838092685,1297,762435249,1297,838054548
2,500000,2,2,3,1,1297,762372455,1297,838092685,1297,762444749,1297,836013911
2,500000,3,0,1,0,1297,921925241,1297,967896668,1297,921987755,1297,967854759
2,500000,3,0,1,1,1297,921925241,1297,967896668,1297,921996137,1297,967695922
2,500000,3,0,1,2,1297,921925241,1297,967896668,1297,922009409,1297,963596418
2,500000,3,0,2,0,1298,45499816,1298,89831680,1298,45564147,1298,89795847
2,500000,3,0,2,1,1298,45499816,1298,89831680,1298,45573297,1298,89588256
2,500000,3,0,2,2,1298,45499816,1298,89831680,1298,45586638,1298,85791966
2,500000,3,0,3,0,1298,162228985,1298,206969032,1298,162290173,1298,206927682
2,500000,3,0,3,1,1298,162228985,1298,206969032,1298,162299533,1298,204549186
2,500000,3,0,3,2,1298,162228985,1298,206969032,1298,162313293,1298,206835830
2,500000,3,1,1,0,1298,294141527,1298,337820220,1298,294204112,1298,337781174
2,500000,3,1,1,1,1298,294141527,1298,337820220,1298,294213053,1298,335911528
2,500000,3,1,1,2,1298,294141527,1298,337820220,1298,294226254,1298,337530277
2,500000,3,1,2,0,1298,408099266,1298,454471961,1298,408161781,1298,454430401
2,500000,3,1,2,1,1298,408099266,1298,454471961,1298,408177916,1298,452105410
2,500000,3,1,2,2,1298,408099266,1298,454471961,1298,408178824,1298,454165534
2,500000,3,1,3,0,1298,526441560,1298,572323218,1298,526504983,1298,572285360
2,500000,3,1,3,1,1298,526441560,1298,572323218,1298,526514134,1298,568655731
2,500000,3,1,3,2,1298,526441560,1298,572323218,1298,526506450,1298,572107036
2,500000,3,2,1,0,1298,659196341,1298,723419346,1298,659259345,1298,722070982
2,500000,3,2,1,1,1298,659196341,1298,723419346,1298,659269193,1298,721692960
2,500000,3,2,1,2,1298,659196341,1298,723419346,1298,659282534,1298,723384701
2,500000,3,2,2,0,1298,794212899,1298,853464407,1298,794276392,1298,850244442
2,500000,3,2,2,1,1298,794212899,1298,853464407,1298,794285612,1298,852094950
2,500000,3,2,2,2,1298,794212899,1298,853464407,1298,794280163,1298,853431578
2,500000,3,2,3,0,1298,925828793,1298,987608902,1298,925893124,1298,986840424
2,500000,3,2,3,1,1298,925828793,1298,987608902,1298,925901994,1298,987595211
2,500000,3,2,3,2,1298,925828793,1298,987608902,1298,925915266,1298,982079452
2,500000,4,0,1,0,1299,79019201,1299,133077791,1299,79083322,1299,132753553
2,500000,4,0,1,1,1299,79019201,1299,133077791,1299,79092402,1299,133053135
2,500000,4,0,1,2,1299,79019201,1299,133077791,1299,79105743,1299,132603867
2,500000,4,0,1,3,1299,79019201,1299,133077791,1299,79138293,1299,132832273
2,500000,4,0,2,0,1299,221687479,1299,273588840,1299,221750692,1299,272879524
2,500000,4,0,2,1,1299,221687479,1299,273588840,1299,221758934,1299,270436908
2,500000,4,0,2,2,1299,221687479,1299,273588840,1299,221774091,1299,273575987
2,500000,4,0,2,3,1299,221687479,1299,273588840,1299,221779749,1299,273474008
2,500000,4,0,3,0,1299,352452642,1299,405929515,1299,352515576,1299,405017009
2,500000,4,0,3,1,1299,352452642,1299,405929515,1299,352531502,1299,405876849
2,500000,4,0,3,2,1299,352452642,1299,405929515,1299,352530454,1299,404529813
2,500000,4,0,3,3,1299,352452642,1299,405929515,1299,352574179,1299,405917152
2,500000,4,1,1,0,1299,507631601,1299,562139583,1299,507695652,1299,562055904
2,500000,4,1,1,1,1299,507631601,1299,562139583,1299,507704803,1299,562102703
2,500000,4,1,1,2,1299,507631601,1299,562139583,1299,507718214,1299,557382873
2,500000,4,1,1,3,1299,507631601,1299,562139583,1299,509672236,1299,558747092
2,500000,4,1,2,0,1299,646222425,1299,694745824,1299,646284940,1299,692694292
2,500000,4,1,2,1,1299,646222425,1299,694745824,1299,646294858,1299,693991595
2,500000,4,1,2,2,1299,646222425,1299,694745824,1299,646307641,1299,686277902
2,500000,4,1,2,3,1299,646222425,1299,694745824,1299,656016986,1299,694710899
2,500000,4,1,3,0,1299,773430394,1299,828211276,1299,773495982,1299,828170554
2,500000,4,1,3,1,1299,773430394,1299,828211276,1299,773504783,1299,828098539
2,500000,4,1,3,2,1299,773430394,1299,828211276,1299,773518264,1299,820345103
2,500000,4,1,3,3,1299,773430394,1299,828211276,1299,776030868,1299,827914767
2,500000,4,2,1,0,1299,919489741,1299,997714566,1299,919555120,1299,995585083
2,500000,4,2,1,1,1299,919489741,1299,997714566,1299,919563642,1299,995279983
2,500000,4,2,1,2,1299,919489741,1299,997714566,1299,919577192,1299,996886857
2,500000,4,2,1,3,1299,919489741,1299,997714566,1299,919629998,1299,997677546
2,500000,4,2,2,0,1300,78247269,1300,156375632,1300,78310691,1300,155735816
2,500000,4,2,2,1,1300,78247269,1300,156375632,1300,78319911,1300,154611319
2,500000,4,2,2,2,1300,78247269,1300,156375632,1300,78333183,1300,156342943
2,500000,4,2,2,3,1300,78247269,1300,156375632,1300,78354696,1300,154283169
2,500000,4,2,3,0,1300,233091838,1300,310212119,1300,233156448,1300,310047974
2,500000,4,2,3,1,1300,233091838,1300,310212119,1300,233166437,1300,309228926
2,500000,4,2,3,2,1300,233091838,1300,310212119,1300,233179568,1300,308941847
2,500000,4,2,3,3,1300,233091838,1300,310212119,1300,233183829,1300,310185995
2,500000,5,0,1,0,1300,406507242,1300,464222947,1300,406569478,1300,462208995
2,500000,5,0,1,1,1300,406507242,1300,464222947,1300,406578907,1300,463529278
2,500000,5,0,1,2,1300,406507242,1300,464222947,1300,406592388,1300,463220616
2,500000,5,0,1,3,1300,406507242,1300,464222947,1300,406614460,1300,464154495
2,500000,5,0,1,4,1300,406507242,1300,464222947,1300,406644984,1300,464183622
2,500000,5,0,2,0,1300,547942969,1300,605477486,1300,548036496,1300,605419371
2,500000,5,0,2,1,1300,547942969,1300,605477486,1300,548023574,1300,605255576
2,500000,5,0,2,2,1300,547942969,1300,605477486,1300,548022457,1300,604872944
2,500000,5,0,2,3,1300,547942969,1300,605477486,1300,548074145,1300,604342162
2,500000,5,0,2,4,1300,547942969,1300,605477486,1300,548045646,1300,605450524
2,500000,5,0,3,0,1300,689848429,1300,747223341,1300,689911293,1300,745796957
2,500000,5,0,3,1,1300,689848429,1300,747223341,1300,689920303,1300,746926064
2,500000,5,0,3,2,1300,689848429,1300,747223341,1300,689933854,1300,746934586
2,500000,5,0,3,3,1300,689848429,1300,747223341,1300,689978417,1300,747189674
2,500000,5,0,3,4,1300,689848429,1300,747223341,1300,689980932,1300,747148882
2,500000,5,1,1,0,1300,844832741,1300,897624589,1300,844895814,1300,890094950
2,500000,5,1,1,1,1300,844832741,1300,897624589,1300,844903987,1300,892408275
2,500000,5,1,1,2,1300,844832741,1300,897624589,1300,844917398,1300,882682448
2,500000,5,1,1,3,1300,844832741,1300,897624589,1300,848031959,1300,897166870
2,500000,5,1,1,4,1300,844832741,1300,897624589,1300,864037130,1300,897575416
2,500000,5,1,2,0,1300,979121740,1301,33599880,1300,979185093,1301,29465455
2,500000,5,1,2,1,1300,979121740,1301,33599880,1300,979194313,1301,27192293
2,500000,5,1,2,2,1300,979121740,1301,33599880,1300,979207445,1301,16823927
2,500000,5,1,2,3,1300,979121740,1301,33599880,1300,984036237,1301,33528215
2,500000,5,1,2,4,1300,979121740,1301,33599880,1300,988017204,1301,33569705
2,500000,5,1,3,0,1301,116464322,1301,168520729,1301,116527605,1301,158696208
2,500000,5,1,3,1,1301,116464322,1301,168520729,1301,116665627,1301,168384943
2,500000,5,1,3,2,1301,116464322,1301,168520729,1301,116546255,1301,158395579
2,500000,5,1,3,3,1301,116464322,1301,168520729,1301,124020643,1301,167511693
2,500000,5,1,3,4,1301,116464322,1301,168520729,1301,124033007,1301,168472394
2,500000,5,2,1,0,1301,265874732,1301,348057913,1301,265936338,1301,347947412
2,500000,5,2,1,1,1301,265874732,1301,348057913,1301,265945838,1301,347149110
2,500000,5,2,1,2,1301,265874732,1301,348057913,1301,265959109,1301,347622406
2,500000,5,2,1,3,1301,265874732,1301,348057913,1301,266052637,1301,348022570
2,500000,5,2,1,4,1301,265874732,1301,348057913,1301,266064371,1301,346357862
2,500000,5,2,2,0,1301,431090247,1301,513892219,1301,431154857,1301,513310029
2,500000,5,2,2,1,1301,431090247,1301,513892219,1301,431163868,1301,513863302
2,500000,5,2,2,2,1301,431090247,1301,513892219,1301,431176999,1301,513797644
2,500000,5,2,2,3,1301,431090247,1301,513892219,1301,431195160,1301,510797915
2,500000,5,2,2,4,1301,431090247,1301,513892219,1301,431208711,1301,513443161
2,500000,5,2,3,0,1301,598242741,1301,681246646,1301,598304487,1301,679560914
2,500000,5,2,3,1,1301,598242741,1301,681246646,1301,598313847,1301,680979823
2,500000,5,2,3,2,1301,598242741,1301,681246646,1301,598327258,1301,681182106
2,500000,5,2,3,3,1301,598242741,1301,681246646,1301,598343742,1301,681212001
2,500000,5,2,3,4,1301,598242741,1301,681246646,1301,598359318,1301,680540125
2,500000,6,0,1,0,1301,780432924,1301,840853089,1301,780493972,1301,840743775
2,500000,6,0,1,1,1301,780432924,1301,840853089,1301,780503401,1301,840646336
2,500000,6,0,1,2,1301,780432924,1301,840853089,1301,780516673,1301,840776884
2,500000,6,0,1,3,1301,780432924,1301,840853089,1301,780521143,1301,840816209
2,500000,6,0,1,4,1301,780432924,1301,840853089,1301,780532319,1301,833881615
2,500000,6,0,1,5,1301,780432924,1301,840853089,1301,780602447,1301,840552599
2,500000,6,0,2,0,1301,928634726,1301,988514330,1301,928696472,1301,986325267
2,500000,6,0,2,1,1301,928634726,1301,988514330,1301,928705622,1301,987878706
2,500000,6,0,2,2,1301,928634726,1301,988514330,1301,928719243,1301,988371769
2,500000,6,0,2,3,1301,928634726,1301,988514330,1301,928775611,1301,988422968
2,500000,6,0,2,4,1301,928634726,1301,988514330,1301,928784202,1301,988483108
2,500000,6,0,2,5,1301,928634726,1301,988514330,1301,928801175,1301,987579054
2,500000,6,0,3,0,1302,77683724,1302,131250878,1302,77747356,1302,122224451
2,500000,6,0,3,1,1302,77683724,1302,131250878,1302,77756437,1302,119651848
2,500000,6,0,3,2,1302,77683724,1302,131250878,1302,77769987,1302,131196746
2,500000,6,0,3,3,1302,77683724,1302,131250878,1302,77777042,1302,121207661
2,500000,6,0,3,4,1302,77683724,1302,131250878,1302,77814481,1302,130740213
2,500000,6,0,3,5,1302,77683724,1302,131250878,1302,77817065,1302,123842290
2,500000,6,1,1,0,1302,230327821,1302,283041197,1302,230388310,1302,272045664
2,500000,6,1,1,1,1302,230327821,1302,283041197,1302,230397530,1302,266872939
2,500000,6,1,1,2,1302,230327821,1302,283041197,1302,230410871,1302,270820725
2,500000,6,1,1,3,1302,230327821,1302,283041197,1302,232036882,1302,280437163
2,500000,6,1,1,4,1302,230327821,1302,283041197,1302,236015821,1302,282602267
2,500000,6,1,1,5,1302,230327821,1302,283041197,1302,256016615,1302,283000475
2,500000,6,1,2,0,1302,371692565,1302,421324839,1302,371758153,1302,412606028
2,500000,6,1,2,1,1302,371692565,1302,421324839,1302,371767443,1302,403191454
2,500000,6,1,2,2,1302,371692565,1302,421324839,1302,371781343,1302,411322277
2,500000,6,1,2,3,1302,371692565,1302,421324839,1302,376033181,1302,417702548
2,500000,6,1,2,4,1302,371692565,1302,421324839,1302,380021758,1302,420357782
2,500000,6,1,2,5,1302,371692565,1302,421324839,1302,388017214,1302,421284257
2,500000,6,1,3,0,1302,508928614,1302,558445986,1302,508993503,1302,547788103
2,500000,6,1,3,1,1302,508928614,1302,558445986,1302,509002584,1302,540085034
2,500000,6,1,3,2,1302,508928614,1302,558445986,1302,509016693,1302,548985381
2,500000,6,1,3,3,1302,508928614,1302,558445986,1302,512043592,1302,553043808
2,500000,6,1,3,4,1302,508928614,1302,558445986,1302,524017498,1302,558394368
2,500000,6,1,3,5,1302,508928614,1302,558445986,1302,527021905,1302,557684285
2,500000,6,2,1,0,1302,660697271,1302,747805258,1302,660761811,1302,746973638
2,500000,6,2,1,1,1302,660697271,1302,747805258,1302,660771310,1302,747745119
2,500000,6,2,1,2,1302,660697271,1302,747805258,1302,660784861,1302,746582764
2,500000,6,2,1,3,1302,660697271,1302,747805258,1302,660789541,1302,744020569
2,500000,6,2,1,4,1302,660697271,1302,747805258,1302,660798901,1302,747770893
2,500000,6,2,1,5,1302,660697271,1302,747805258,1302,660852824,1302,747433174
2,500000,6,2,2,0,1302,835678790,1302,925066224,1302,835741374,1302,925034792
2,500000,6,2,2,1,1302,835678790,1302,925066224,1302,835751013,1302,924874210
2,500000,6,2,2,2,1302,835678790,1302,925066224,1302,835764215,1302,923447408
2,500000,6,2,2,3,1302,835678790,1302,925066224,1302,835795018,1302,923485824
2,500000,6,2,2,4,1302,835678790,1302,925066224,1302,835799768,1302,924887830
2,500000,6,2,2,5,1302,835678790,1302,925066224,1302,835824424,1302,925007342
2,500000,6,2,3,0,1303,12819964,1303,100591307,1303,12880873,1303,92736736
2,500000,6,2,3,1,1303,12819964,1303,100591307,1303,12890093,1303,100094053
2,500000,6,2,3,2,1303,12819964,1303,100591307,1303,12904621,1303,100280130
2,500000,6,2,3,3,1303,12819964,1303,100591307,1303,12909301,1303,100555404
2,500000,6,2,3,4,1303,12819964,1303,100591307,1303,12933399,1303,99721689
2,500000,6,2,3,5,1303,12819964,1303,100591307,1303,12947718,1303,100527465
